<?xml version="1.0" encoding="UTF-8"?>
<root>
  <item name="com.tencent.qcloud.ugckit.component.swipemenu.OnSwipeMenuItemClickListener void onItemClick(com.tencent.qcloud.ugckit.component.swipemenu.Closeable, int, int, int) 3">
    <annotation name="android.support.annotation.IntDef">
      <val name="value" val="{com.tencent.qcloud.ugckit.component.swipemenu.SwipeMenuRecyclerView.LEFT_DIRECTION, com.tencent.qcloud.ugckit.component.swipemenu.SwipeMenuRecyclerView.RIGHT_DIRECTION}" />
    </annotation>
  </item>
  <item name="com.tencent.qcloud.ugckit.component.swipemenu.SwipeMenu int getOrientation()">
    <annotation name="android.support.annotation.IntDef">
      <val name="value" val="{com.tencent.qcloud.ugckit.component.swipemenu.SwipeMenu.HORIZONTAL, com.tencent.qcloud.ugckit.component.swipemenu.SwipeMenu.VERTICAL}" />
    </annotation>
  </item>
  <item name="com.tencent.qcloud.ugckit.component.swipemenu.SwipeMenu void setOrientation(int) 0">
    <annotation name="android.support.annotation.IntDef">
      <val name="value" val="{com.tencent.qcloud.ugckit.component.swipemenu.SwipeMenu.HORIZONTAL, com.tencent.qcloud.ugckit.component.swipemenu.SwipeMenu.VERTICAL}" />
    </annotation>
  </item>
  <item name="com.tencent.qcloud.ugckit.component.swipemenu.SwipeMenu.OrientationMode">
    <annotation name="android.support.annotation.IntDef">
      <val name="value" val="{com.tencent.qcloud.ugckit.component.swipemenu.SwipeMenu.HORIZONTAL, com.tencent.qcloud.ugckit.component.swipemenu.SwipeMenu.VERTICAL}" />
    </annotation>
  </item>
  <item name="com.tencent.qcloud.ugckit.component.swipemenu.SwipeMenuRecyclerView void smoothOpenMenu(int, int, int) 1">
    <annotation name="android.support.annotation.IntDef">
      <val name="value" val="{com.tencent.qcloud.ugckit.component.swipemenu.SwipeMenuRecyclerView.LEFT_DIRECTION, com.tencent.qcloud.ugckit.component.swipemenu.SwipeMenuRecyclerView.RIGHT_DIRECTION}" />
    </annotation>
  </item>
  <item name="com.tencent.qcloud.ugckit.component.swipemenu.SwipeMenuRecyclerView.DirectionMode">
    <annotation name="android.support.annotation.IntDef">
      <val name="value" val="{com.tencent.qcloud.ugckit.component.swipemenu.SwipeMenuRecyclerView.LEFT_DIRECTION, com.tencent.qcloud.ugckit.component.swipemenu.SwipeMenuRecyclerView.RIGHT_DIRECTION}" />
    </annotation>
  </item>
</root>

